,CyberShake_30,CyberShake_50,CyberShake_100,CyberShake_1000
ESDWB,0.0,33.937843,49.285156,47.988815
Modified ESDWB,42.650436,38.351624,43.763134,38.071297