,CyberShake_30,CyberShake_50,CyberShake_100,CyberShake_1000
ESDWB,0.99433607,1.3393785,1.4928516,1.4798881
Modified ESDWB,1.4265044,1.3835162,1.4376314,1.380713