,CyberShake_30,CyberShake_50,CyberShake_100,CyberShake_1000
ESDWB,0.6943494,0.75548357,0.84294474,0.7319767
Modified ESDWB,0.9253323,0.9471735,1.0137986,0.9782267